<?xml version="1.0" encoding="utf-8"?>
<?xml-stylesheet type='text/xsl' href='ConversionLogFile.xsl'?>
<LogFile projectName="六部十层一等优化版-5.0_V15.1_1" typeText="类型" messageText="消息" timeText="时间">
  <MessageCell ServiceId="80" MessageId="30" MessageClass="Information" Timestamp="2021/6/3 19:26:59">
    <Number ServiceNumber="80" MessageNumber="30" />
    <Text FeedbackText="已开始升级" />
    <Help HelpId="-1" />
  </MessageCell>
  <Details ServiceId="80" MessageId="30" Timestamp="2021/6/3 19:27:00" Debug="false">
    <Text>Reorganization succeed!</Text>
  </Details>
  <MessageCell ServiceId="80" MessageId="30" MessageClass="Information" Timestamp="2021/6/3 19:27:01">
    <Number ServiceNumber="80" MessageNumber="30" />
    <Text FeedbackText="CheckRepair lost+found objects" />
    <Help HelpId="-1" />
  </MessageCell>
  <Details ServiceId="80" MessageId="30" Timestamp="2021/6/3 19:27:01" Debug="false">
    <Text>No error is detected.</Text>
  </Details>
  <MessageCell ServiceId="80" MessageId="30" MessageClass="Information" Timestamp="2021/6/3 19:27:02">
    <Number ServiceNumber="80" MessageNumber="30" />
    <Text FeedbackText="CheckRepair missing bidirectional links" />
    <Help HelpId="-1" />
  </MessageCell>
  <Details ServiceId="80" MessageId="30" Timestamp="2021/6/3 19:27:02" Debug="false">
    <Text>No error is detected.</Text>
  </Details>
  <Details ServiceId="80" MessageId="30" Timestamp="2021/6/3 19:27:13" Debug="false">
    <Text>HmiConvert: Started conversion section.</Text>
  </Details>
  <Details ServiceId="80" MessageId="30" Timestamp="2021/6/3 19:27:13" Debug="false">
    <Text>HmiConvert: Starting conversion step &lt;Siemens.Simatic.Hmi.Device.DeviceManagers.Scan:Siemens.Simatic.Hmi.Utah.Device.Upgrade.DeviceConverter.ConvertHmiDeviceToV15&gt;.</Text>
  </Details>
  <Details ServiceId="80" MessageId="30" Timestamp="2021/6/3 19:27:13" Debug="false">
    <Text>HmiConvert: Finished conversion step &lt;Siemens.Simatic.Hmi.Device.DeviceManagers.Scan:Siemens.Simatic.Hmi.Utah.Device.Upgrade.DeviceConverter.ConvertHmiDeviceToV15&gt;.</Text>
  </Details>
  <Details ServiceId="80" MessageId="30" Timestamp="2021/6/3 19:27:13" Debug="false">
    <Text>HmiConvert: Starting conversion step &lt;Siemens.Simatic.Hmi.Styles.Managers.Scan:Siemens.Simatic.Hmi.Utah.Styles.HmiStyleConverter.ConvertHmiStyleFromV14ToV15&gt;.</Text>
  </Details>
  <Details ServiceId="80" MessageId="30" Timestamp="2021/6/3 19:27:15" Debug="false">
    <Text>HmiConvert: Finished conversion step &lt;Siemens.Simatic.Hmi.Styles.Managers.Scan:Siemens.Simatic.Hmi.Utah.Styles.HmiStyleConverter.ConvertHmiStyleFromV14ToV15&gt;.</Text>
  </Details>
  <Details ServiceId="80" MessageId="30" Timestamp="2021/6/3 19:27:15" Debug="false">
    <Text>HmiConvert is waiting for external dependency: Siemens.Simatic.Lang.SPLConvert</Text>
  </Details>
  <Details ServiceId="80" MessageId="30" Timestamp="2021/6/3 19:27:33" Debug="false">
    <Text>HmiConvert: Started conversion section.</Text>
  </Details>
  <Details ServiceId="80" MessageId="30" Timestamp="2021/6/3 19:27:33" Debug="false">
    <Text>HmiConvert: Starting conversion step &lt;Siemens.Simatic.Hmi.Tag.Managers.Scan:Siemens.Simatic.Hmi.Utah.Tag.V13AndV14TagsRepairer.RepairV13AndV14Tags&gt;.</Text>
  </Details>
  <Details ServiceId="80" MessageId="30" Timestamp="2021/6/3 19:27:33" Debug="false">
    <Text>HmiConvert: Finished conversion step &lt;Siemens.Simatic.Hmi.Tag.Managers.Scan:Siemens.Simatic.Hmi.Utah.Tag.V13AndV14TagsRepairer.RepairV13AndV14Tags&gt;.</Text>
  </Details>
  <Details ServiceId="80" MessageId="30" Timestamp="2021/6/3 19:27:33" Debug="false">
    <Text>HmiConvert: Starting conversion step &lt;Siemens.Simatic.Hmi.Communication.Managers.Scan:Siemens.Simatic.Hmi.Utah.Communication.AddressTypeSafeConverter.ConvertTypeSafeAddress&gt;.</Text>
  </Details>
  <Details ServiceId="80" MessageId="30" Timestamp="2021/6/3 19:27:33" Debug="false">
    <Text>HmiConvert: Finished conversion step &lt;Siemens.Simatic.Hmi.Communication.Managers.Scan:Siemens.Simatic.Hmi.Utah.Communication.AddressTypeSafeConverter.ConvertTypeSafeAddress&gt;.</Text>
  </Details>
  <Details ServiceId="80" MessageId="30" Timestamp="2021/6/3 19:27:33" Debug="false">
    <Text>HmiConvert: Starting conversion step &lt;Siemens.Simatic.Hmi.Communication.Managers.Scan:Siemens.Simatic.Hmi.Utah.Communication.OpcUaConverter.ConvertConnection&gt;.</Text>
  </Details>
  <Details ServiceId="80" MessageId="30" Timestamp="2021/6/3 19:27:33" Debug="false">
    <Text>HmiConvert: Finished conversion step &lt;Siemens.Simatic.Hmi.Communication.Managers.Scan:Siemens.Simatic.Hmi.Utah.Communication.OpcUaConverter.ConvertConnection&gt;.</Text>
  </Details>
  <Details ServiceId="80" MessageId="30" Timestamp="2021/6/3 19:27:33" Debug="false">
    <Text>HmiConvert: Starting conversion step &lt;Siemens.Simatic.Hmi.Globalization.Managers.Scan:Siemens.Simatic.Hmi.Utah.Globalization.NotUsedTextCategoryDeleter.DeleteNotUsedTextCategoriesInLibraryContext&gt;.</Text>
  </Details>
  <Details ServiceId="80" MessageId="30" Timestamp="2021/6/3 19:27:33" Debug="false">
    <Text>HmiConvert: Finished conversion step &lt;Siemens.Simatic.Hmi.Globalization.Managers.Scan:Siemens.Simatic.Hmi.Utah.Globalization.NotUsedTextCategoryDeleter.DeleteNotUsedTextCategoriesInLibraryContext&gt;.</Text>
  </Details>
  <Details ServiceId="80" MessageId="30" Timestamp="2021/6/3 19:27:33" Debug="false">
    <Text>HmiConvert: Starting conversion step &lt;Siemens.Simatic.Hmi.Globalization.Managers.Scan:Siemens.Simatic.Hmi.Utah.Globalization.TrefTextCategoryReplacer.TurnTRefCategoriesIntoRealOnes&gt;.</Text>
  </Details>
  <Details ServiceId="80" MessageId="30" Timestamp="2021/6/3 19:27:33" Debug="false">
    <Text>HmiConvert: Finished conversion step &lt;Siemens.Simatic.Hmi.Globalization.Managers.Scan:Siemens.Simatic.Hmi.Utah.Globalization.TrefTextCategoryReplacer.TurnTRefCategoriesIntoRealOnes&gt;.</Text>
  </Details>
  <Details ServiceId="80" MessageId="30" Timestamp="2021/6/3 19:27:33" Debug="false">
    <Text>HmiConvert: Starting conversion step &lt;Siemens.Simatic.Hmi.Globalization.Managers.Scan:Siemens.Simatic.Hmi.Utah.Globalization.CommentCategoryRepairer.RepairCommentCategoryLinks&gt;.</Text>
  </Details>
  <Details ServiceId="80" MessageId="30" Timestamp="2021/6/3 19:27:33" Debug="false">
    <Text>HmiConvert: Finished conversion step &lt;Siemens.Simatic.Hmi.Globalization.Managers.Scan:Siemens.Simatic.Hmi.Utah.Globalization.CommentCategoryRepairer.RepairCommentCategoryLinks&gt;.</Text>
  </Details>
  <Details ServiceId="80" MessageId="30" Timestamp="2021/6/3 19:27:33" Debug="false">
    <Text>HmiConvert: Starting conversion step &lt;Siemens.Simatic.Hmi.GraphX.GraphXManagers.Scan:Siemens.Simatic.Hmi.Utah.GraphX.PhaseConverter.DeleteTextFromGroups&gt;.</Text>
  </Details>
  <Details ServiceId="80" MessageId="30" Timestamp="2021/6/3 19:27:33" Debug="false">
    <Text>HmiConvert: Finished conversion step &lt;Siemens.Simatic.Hmi.GraphX.GraphXManagers.Scan:Siemens.Simatic.Hmi.Utah.GraphX.PhaseConverter.DeleteTextFromGroups&gt;.</Text>
  </Details>
  <Details ServiceId="80" MessageId="30" Timestamp="2021/6/3 19:27:33" Debug="false">
    <Text>HmiConvert: Starting conversion step &lt;Siemens.Simatic.Hmi.GraphX.GraphXManagers.Scan:Siemens.Simatic.Hmi.Utah.GraphX.PhaseConverter.RepairPointsCollectionOfScreenItems&gt;.</Text>
  </Details>
  <Details ServiceId="80" MessageId="30" Timestamp="2021/6/3 19:27:33" Debug="false">
    <Text>HmiConvert: Finished conversion step &lt;Siemens.Simatic.Hmi.GraphX.GraphXManagers.Scan:Siemens.Simatic.Hmi.Utah.GraphX.PhaseConverter.RepairPointsCollectionOfScreenItems&gt;.</Text>
  </Details>
  <Details ServiceId="80" MessageId="30" Timestamp="2021/6/3 19:27:33" Debug="false">
    <Text>HmiConvert: Starting conversion step &lt;Siemens.Simatic.Hmi.ScreenModules.Managers.Scan:Siemens.Simatic.Hmi.Utah.Modules.ScreenModules.PropertiesConverter.RepairAuthorizationPropertyInModuleDevice&gt;.</Text>
  </Details>
  <Details ServiceId="80" MessageId="30" Timestamp="2021/6/3 19:27:33" Debug="false">
    <Text>HmiConvert: Finished conversion step &lt;Siemens.Simatic.Hmi.ScreenModules.Managers.Scan:Siemens.Simatic.Hmi.Utah.Modules.ScreenModules.PropertiesConverter.RepairAuthorizationPropertyInModuleDevice&gt;.</Text>
  </Details>
  <Details ServiceId="80" MessageId="30" Timestamp="2021/6/3 19:27:33" Debug="false">
    <Text>HmiConvert: Starting conversion step &lt;Siemens.Simatic.Hmi.ScreenModules.Managers.Scan:Siemens.Simatic.Hmi.Utah.Modules.ScreenModules.PhaseConverter.RepairGroupBoundsTables&gt;.</Text>
  </Details>
  <Details ServiceId="80" MessageId="30" Timestamp="2021/6/3 19:27:33" Debug="false">
    <Text>HmiConvert: Finished conversion step &lt;Siemens.Simatic.Hmi.ScreenModules.Managers.Scan:Siemens.Simatic.Hmi.Utah.Modules.ScreenModules.PhaseConverter.RepairGroupBoundsTables&gt;.</Text>
  </Details>
  <Details ServiceId="80" MessageId="30" Timestamp="2021/6/3 19:27:33" Debug="false">
    <Text>HmiConvert: Starting conversion step &lt;Siemens.Simatic.Hmi.GraphX.GraphXManagers.Scan:Siemens.Simatic.Hmi.Utah.GraphX.PhaseConverter.RemoveInvisibleSoftkeysConverter&gt;.</Text>
  </Details>
  <Details ServiceId="80" MessageId="30" Timestamp="2021/6/3 19:27:33" Debug="false">
    <Text>HmiConvert: Finished conversion step &lt;Siemens.Simatic.Hmi.GraphX.GraphXManagers.Scan:Siemens.Simatic.Hmi.Utah.GraphX.PhaseConverter.RemoveInvisibleSoftkeysConverter&gt;.</Text>
  </Details>
  <Details ServiceId="80" MessageId="30" Timestamp="2021/6/3 19:27:33" Debug="false">
    <Text>HmiConvert: Starting conversion step &lt;Siemens.Simatic.Hmi.GraphX.GraphXManagers.Scan:Siemens.Simatic.Hmi.Utah.GraphX.PhaseConverter.RemoveDuplicateSoftKeysConverter&gt;.</Text>
  </Details>
  <Details ServiceId="80" MessageId="30" Timestamp="2021/6/3 19:27:33" Debug="false">
    <Text>HmiConvert: Finished conversion step &lt;Siemens.Simatic.Hmi.GraphX.GraphXManagers.Scan:Siemens.Simatic.Hmi.Utah.GraphX.PhaseConverter.RemoveDuplicateSoftKeysConverter&gt;.</Text>
  </Details>
  <Details ServiceId="80" MessageId="30" Timestamp="2021/6/3 19:27:33" Debug="false">
    <Text>HmiConvert: Starting conversion step &lt;Siemens.Simatic.Hmi.GraphX.Controls.Managers.Scan:Siemens.Simatic.Hmi.Utah.GraphX.Controls.ProDiagPhaseConverter.AddToolbarButtons&gt;.</Text>
  </Details>
  <Details ServiceId="80" MessageId="30" Timestamp="2021/6/3 19:27:33" Debug="false">
    <Text>HmiConvert: Finished conversion step &lt;Siemens.Simatic.Hmi.GraphX.Controls.Managers.Scan:Siemens.Simatic.Hmi.Utah.GraphX.Controls.ProDiagPhaseConverter.AddToolbarButtons&gt;.</Text>
  </Details>
  <Details ServiceId="80" MessageId="30" Timestamp="2021/6/3 19:27:33" Debug="false">
    <Text>HmiConvert: Starting conversion step &lt;Siemens.Simatic.Hmi.GraphX.Controls.Managers.Scan:Siemens.Simatic.Hmi.Utah.GraphX.Controls.ProDiagPhaseConverter.RepairToolbarButtons&gt;.</Text>
  </Details>
  <Details ServiceId="80" MessageId="30" Timestamp="2021/6/3 19:27:33" Debug="false">
    <Text>HmiConvert: Finished conversion step &lt;Siemens.Simatic.Hmi.GraphX.Controls.Managers.Scan:Siemens.Simatic.Hmi.Utah.GraphX.Controls.ProDiagPhaseConverter.RepairToolbarButtons&gt;.</Text>
  </Details>
  <Details ServiceId="80" MessageId="30" Timestamp="2021/6/3 19:27:33" Debug="false">
    <Text>HmiConvert: Starting conversion step &lt;Siemens.Simatic.Hmi.Recipe.Managers.Scan:Siemens.Simatic.Hmi.Utah.Recipe.RecipeConverter.ConvertRecipe&gt;.</Text>
  </Details>
  <Details ServiceId="80" MessageId="30" Timestamp="2021/6/3 19:27:33" Debug="false">
    <Text>HmiConvert: Finished conversion step &lt;Siemens.Simatic.Hmi.Recipe.Managers.Scan:Siemens.Simatic.Hmi.Utah.Recipe.RecipeConverter.ConvertRecipe&gt;.</Text>
  </Details>
  <Details ServiceId="80" MessageId="30" Timestamp="2021/6/3 19:27:33" Debug="false">
    <Text>HmiConvert: Starting conversion step &lt;Siemens.Simatic.Hmi.Logging.Managers.Scan:Siemens.Simatic.Hmi.Utah.Logging.LoggingTagConverter.RemoveInvalidTRefs&gt;.</Text>
  </Details>
  <Details ServiceId="80" MessageId="30" Timestamp="2021/6/3 19:27:33" Debug="false">
    <Text>HmiConvert: Finished conversion step &lt;Siemens.Simatic.Hmi.Logging.Managers.Scan:Siemens.Simatic.Hmi.Utah.Logging.LoggingTagConverter.RemoveInvalidTRefs&gt;.</Text>
  </Details>
  <Details ServiceId="80" MessageId="30" Timestamp="2021/6/3 19:27:33" Debug="false">
    <Text>HmiConvert: Starting conversion step &lt;Siemens.Simatic.Hmi.GraphX.GraphXManagers.Scan:Siemens.Simatic.Hmi.Utah.GraphX.ChainedListConverter.ConvertFixScreenChainedList&gt;.</Text>
  </Details>
  <Details ServiceId="80" MessageId="30" Timestamp="2021/6/3 19:27:33" Debug="false">
    <Text>HmiConvert: Finished conversion step &lt;Siemens.Simatic.Hmi.GraphX.GraphXManagers.Scan:Siemens.Simatic.Hmi.Utah.GraphX.ChainedListConverter.ConvertFixScreenChainedList&gt;.</Text>
  </Details>
  <Details ServiceId="80" MessageId="30" Timestamp="2021/6/3 19:27:33" Debug="false">
    <Text>HmiConvert: Starting conversion step &lt;Siemens.Simatic.Hmi.Globalization.Managers.Scan:Siemens.Simatic.Hmi.Utah.Globalization.ImageConvert.RepairCrossEnvironmentLinks&gt;.</Text>
  </Details>
  <Details ServiceId="80" MessageId="30" Timestamp="2021/6/3 19:27:33" Debug="false">
    <Text>HmiConvert: Finished conversion step &lt;Siemens.Simatic.Hmi.Globalization.Managers.Scan:Siemens.Simatic.Hmi.Utah.Globalization.ImageConvert.RepairCrossEnvironmentLinks&gt;.</Text>
  </Details>
  <Details ServiceId="80" MessageId="30" Timestamp="2021/6/3 19:27:33" Debug="false">
    <Text>HmiConvert: Starting conversion step &lt;Siemens.Simatic.Hmi.Scripting.Managers.Scan:Siemens.Simatic.Hmi.Utah.Scripting.FunctionListConverter.DeleteFunctionListsWithoutParent&gt;.</Text>
  </Details>
  <Details ServiceId="80" MessageId="30" Timestamp="2021/6/3 19:27:33" Debug="false">
    <Text>HmiConvert: Finished conversion step &lt;Siemens.Simatic.Hmi.Scripting.Managers.Scan:Siemens.Simatic.Hmi.Utah.Scripting.FunctionListConverter.DeleteFunctionListsWithoutParent&gt;.</Text>
  </Details>
  <Details ServiceId="80" MessageId="30" Timestamp="2021/6/3 19:27:33" Debug="false">
    <Text>HmiConvert: Starting conversion step &lt;Siemens.Simatic.Hmi.Globalization.Managers.Scan:Siemens.Simatic.Hmi.Utah.Globalization.TextRepairForConvert.TextsRepairInHmiBusinessLogicLevel&gt;.</Text>
  </Details>
  <Details ServiceId="80" MessageId="30" Timestamp="2021/6/3 19:27:34" Debug="false">
    <Text>HmiConvert: Finished conversion step &lt;Siemens.Simatic.Hmi.Globalization.Managers.Scan:Siemens.Simatic.Hmi.Utah.Globalization.TextRepairForConvert.TextsRepairInHmiBusinessLogicLevel&gt;.</Text>
  </Details>
  <Details ServiceId="80" MessageId="30" Timestamp="2021/6/3 19:27:34" Debug="false">
    <Text>HmiConvert: Starting conversion step &lt;Siemens.Simatic.Hmi.Globalization.Managers.Scan:Siemens.Simatic.Hmi.Utah.Globalization.FontConvert.RepairCrossEnvironmentLinksViaHmiBl&gt;.</Text>
  </Details>
  <Details ServiceId="80" MessageId="30" Timestamp="2021/6/3 19:27:34" Debug="false">
    <Text>HmiConvert: Finished conversion step &lt;Siemens.Simatic.Hmi.Globalization.Managers.Scan:Siemens.Simatic.Hmi.Utah.Globalization.FontConvert.RepairCrossEnvironmentLinksViaHmiBl&gt;.</Text>
  </Details>
  <Details ServiceId="80" MessageId="30" Timestamp="2021/6/3 19:27:34" Debug="false">
    <Text>HmiConvert: Starting conversion step &lt;Siemens.Simatic.Hmi.ScreenModules.Managers.Scan:Siemens.Simatic.Hmi.Utah.Modules.ScreenModules.PhaseConverterWithHmiBl.DeleteOrphanInterfaceConnections&gt;.</Text>
  </Details>
  <Details ServiceId="80" MessageId="30" Timestamp="2021/6/3 19:27:34" Debug="false">
    <Text>HmiConvert: Finished conversion step &lt;Siemens.Simatic.Hmi.ScreenModules.Managers.Scan:Siemens.Simatic.Hmi.Utah.Modules.ScreenModules.PhaseConverterWithHmiBl.DeleteOrphanInterfaceConnections&gt;.</Text>
  </Details>
  <Details ServiceId="80" MessageId="30" Timestamp="2021/6/3 19:27:34" Debug="false">
    <Text>HmiConvert: Starting conversion step &lt;Siemens.Simatic.Hmi.ScreenModules.Managers.Scan:Siemens.Simatic.Hmi.Utah.Modules.ScreenModules.PhaseConverterWithHmiBl.RepairInstanceKeyCache&gt;.</Text>
  </Details>
  <Details ServiceId="80" MessageId="30" Timestamp="2021/6/3 19:27:34" Debug="false">
    <Text>HmiConvert: Finished conversion step &lt;Siemens.Simatic.Hmi.ScreenModules.Managers.Scan:Siemens.Simatic.Hmi.Utah.Modules.ScreenModules.PhaseConverterWithHmiBl.RepairInstanceKeyCache&gt;.</Text>
  </Details>
  <Details ServiceId="80" MessageId="30" Timestamp="2021/6/3 19:27:34" Debug="false">
    <Text>HmiConvert: Starting conversion step &lt;Siemens.Simatic.Hmi.ScreenModules.Managers.Scan:Siemens.Simatic.Hmi.Utah.Modules.ScreenModules.PhaseConverterWithHmiBl.RepairInstanceHotKeys&gt;.</Text>
  </Details>
  <Details ServiceId="80" MessageId="30" Timestamp="2021/6/3 19:27:34" Debug="false">
    <Text>HmiConvert: Finished conversion step &lt;Siemens.Simatic.Hmi.ScreenModules.Managers.Scan:Siemens.Simatic.Hmi.Utah.Modules.ScreenModules.PhaseConverterWithHmiBl.RepairInstanceHotKeys&gt;.</Text>
  </Details>
  <Details ServiceId="80" MessageId="30" Timestamp="2021/6/3 19:27:34" Debug="false">
    <Text>HmiConvert: Starting conversion step &lt;Siemens.Simatic.Hmi.Tag.Managers.Scan:Siemens.Simatic.Hmi.Utah.Tag.RootTagConvertSynchronization.ResynchronizeRootTag&gt;.</Text>
  </Details>
  <Details ServiceId="80" MessageId="30" Timestamp="2021/6/3 19:27:34" Debug="false">
    <Text>HmiConvert: Finished conversion step &lt;Siemens.Simatic.Hmi.Tag.Managers.Scan:Siemens.Simatic.Hmi.Utah.Tag.RootTagConvertSynchronization.ResynchronizeRootTag&gt;.</Text>
  </Details>
  <Details ServiceId="80" MessageId="30" Timestamp="2021/6/3 19:27:34" Debug="false">
    <Text>HmiConvert: Starting conversion step &lt;Siemens.Simatic.Hmi.Alarm.Managers.Scan:Siemens.Simatic.Hmi.Utah.Alarm.AlarmDataConverterWithHmiBl.ConvertIntegratedAlarmClasses&gt;.</Text>
  </Details>
  <Details ServiceId="80" MessageId="30" Timestamp="2021/6/3 19:27:34" Debug="false">
    <Text>HmiConvert: Finished conversion step &lt;Siemens.Simatic.Hmi.Alarm.Managers.Scan:Siemens.Simatic.Hmi.Utah.Alarm.AlarmDataConverterWithHmiBl.ConvertIntegratedAlarmClasses&gt;.</Text>
  </Details>
  <Details ServiceId="80" MessageId="30" Timestamp="2021/6/3 19:27:34" Debug="false">
    <Text>HmiConvert: Finished conversion section.</Text>
  </Details>
  <MessageCell ServiceId="80" MessageId="30" MessageClass="Information" Timestamp="2021/6/3 19:27:36">
    <Number ServiceNumber="80" MessageNumber="30" />
    <Text FeedbackText="正在转换交叉引用信息。" />
    <Help HelpId="-1" />
  </MessageCell>
  <MessageCell ServiceId="80" MessageId="30" MessageClass="Information" Timestamp="2021/6/3 19:27:37">
    <Number ServiceNumber="80" MessageNumber="30" />
    <Text FeedbackText="交叉引用信息已成功创建." />
    <Help HelpId="-1" />
  </MessageCell>
  <MessageCell ServiceId="80" MessageId="30" MessageClass="Information" Timestamp="2021/6/3 19:27:37">
    <Number ServiceNumber="80" MessageNumber="30" />
    <Text FeedbackText="交叉引用信息转换完成。" />
    <Help HelpId="-1" />
  </MessageCell>
  <Details ServiceId="80" MessageId="30" Timestamp="2021/6/3 19:27:38" Debug="false">
    <Text>Package container 'Siemens.Simatic.Lang.S7BSW.V14.0.0.0.NonMandatory' was deleted</Text>
  </Details>
  <Details ServiceId="80" MessageId="30" Timestamp="2021/6/3 19:27:38" Debug="false">
    <Text>Package container 'HW.S71200.CP.PROFIBUS.MDD_6GK7243-5DX30-0XE0_1.3_14.0.0' was deleted</Text>
  </Details>
  <Details ServiceId="80" MessageId="30" Timestamp="2021/6/3 19:27:38" Debug="false">
    <Text>Package container 'HW.SubnetPB' was deleted</Text>
  </Details>
  <Details ServiceId="80" MessageId="30" Timestamp="2021/6/3 19:27:38" Debug="false">
    <Text>Package container 'HW.GSD.pm125v20.gsd.DEVICE_1.0.0' was deleted</Text>
  </Details>
  <Details ServiceId="80" MessageId="30" Timestamp="2021/6/3 19:27:38" Debug="false">
    <Text>Product version 'Siemens.Simatic.Portal:15.00.00.00' was deleted</Text>
  </Details>
  <Details ServiceId="80" MessageId="30" Timestamp="2021/6/3 19:27:38" Debug="false">
    <Text>Product version 'Siemens.Simatic.Portal:14.00.01.00' was deleted</Text>
  </Details>
  <Details ServiceId="80" MessageId="30" Timestamp="2021/6/3 19:27:38" Debug="false">
    <Text>Product version 'Siemens.Simatic.Hmi.Advanced:13.00.01.00' was deleted</Text>
  </Details>
  <Details ServiceId="80" MessageId="30" Timestamp="2021/6/3 19:27:38" Debug="false">
    <Text>Product version 'HW.GSD.pm125v20.gsd.DEVICE_1.0.0.Product:11.0.0.0.0' was deleted</Text>
  </Details>
  <Details ServiceId="80" MessageId="30" Timestamp="2021/6/3 19:27:38" Debug="false">
    <Text>Product version 'Siemens.Simatic.Hmi.Comfort:13.00.01.00' was deleted</Text>
  </Details>
  <Details ServiceId="80" MessageId="30" Timestamp="2021/6/3 19:27:38" Debug="false">
    <Text>Product version 'Siemens.Simatic.Hmi.Basic:13.00.01.00' was deleted</Text>
  </Details>
  <MessageCell ServiceId="Automation-ObjectFrame-Feedbacks" MessageId="ConversionInfoTabProjectSucceeded" MessageClass="Success" Timestamp="2021/6/3 19:27:38">
    <Number ServiceNumber="80" MessageNumber="34" />
    <Text FeedbackText="项目 'G:\SIEMENS\电梯程序\群文件备份\六部十层一等优化版-5.0\System\PEData.plf' 已成功升级并另存为项目 'G:\SIEMENS\电梯程序\群文件备份\六部十层一等优化版-5.0_V15.1_1\System\PEData.plf'。" />
    <Help HelpId="-1" HelpFile="" />
  </MessageCell>
</LogFile>